"Variable / Field Name","Form Name","Section Header","Field Type","Field Label","Choices, Calculations, OR Slider Labels","Field Note","Text Validation Type OR Show Slider Number","Text Validation Min","Text Validation Max",Identifier?,"Branching Logic (Show field only if...)","Required Field?","Custom Alignment","Question Number (surveys only)","Matrix Group Name","Matrix Ranking?","Field Annotation"
erq_cr_1,erq_1a,,radio,"When I want to feel more positive emotion (such as joy or amusement), I change what I'm thinking about.","1, Strongly disagree | 2,  | 3,  | 4, Neutral | 5,  | 6,  | 7, Strongly agree",,,,,,,y,,,erq,,
erq_es_1,erq_1a,,radio,"I keep my emotions to myself.","1, Strongly disagree | 2,  | 3,  | 4, Neutral | 5,  | 6,  | 7, Strongly agree",,,,,,,y,,,erq,,
erq_cr_2,erq_1a,,radio,"When I want to feel less negative emotion (such as sadness or anger), I change what I'm thinking about.","1, Strongly disagree | 2,  | 3,  | 4, Neutral | 5,  | 6,  | 7, Strongly agree",,,,,,,y,,,erq,,
erq_es_2,erq_1a,,radio,"When I am feeling positive emotions, I am careful not to express them.","1, Strongly disagree | 2,  | 3,  | 4, Neutral | 5,  | 6,  | 7, Strongly agree",,,,,,,y,,,erq,,
erq_cr_3,erq_1a,,radio,"When I'm faced with a stressful situation, I make myself think about it in a way that helps me stay calm.","1, Strongly disagree | 2,  | 3,  | 4, Neutral | 5,  | 6,  | 7, Strongly agree",,,,,,,y,,,erq,,
erq_es_3,erq_1a,,radio,"I control my emotions by not expressing them.","1, Strongly disagree | 2,  | 3,  | 4, Neutral | 5,  | 6,  | 7, Strongly agree",,,,,,,y,,,erq,,
erq_cr_4,erq_1a,,radio,"When I want to feel more positive emotion, I change the way I'm thinking about the situation.","1, Strongly disagree | 2,  | 3,  | 4, Neutral | 5,  | 6,  | 7, Strongly agree",,,,,,,y,,,erq,,
erq_cr_5,erq_1a,,radio,"I control my emotions by changing the way I think about the situation I'm in.","1, Strongly disagree | 2,  | 3,  | 4, Neutral | 5,  | 6,  | 7, Strongly agree",,,,,,,y,,,erq,,
erq_es_4,erq_1a,,radio,"When I am feeling negative emotions, I make sure not to express them.","1, Strongly disagree | 2,  | 3,  | 4, Neutral | 5,  | 6,  | 7, Strongly agree",,,,,,,y,,,erq,,
erq_cr_6,erq_1a,,radio,"When I want to feel less negative emotion, I change the way I'm thinking about the situation.","1, Strongly disagree | 2,  | 3,  | 4, Neutral | 5,  | 6,  | 7, Strongly agree",,,,,,,y,,,erq,,
