"Variable / Field Name","Form Name","Section Header","Field Type","Field Label","Choices, Calculations, OR Slider Labels","Field Note","Text Validation Type OR Show Slider Number","Text Validation Min","Text Validation Max",Identifier?,"Branching Logic (Show field only if...)","Required Field?","Custom Alignment","Question Number (surveys only)","Matrix Group Name","Matrix Ranking?","Field Annotation"
psis_i1_s1_r2_e1,psis_s1_r2_e1,,text,"What was the name of the person you were interacting with?",,,,,,,,y,,,,,
psis_i2_s1_r2_e1,psis_s1_r2_e1,,text,"What was their hair color?",,,,,,,,y,,,,,
psis_i3_s1_r2_e1,psis_s1_r2_e1,,text,"What color top/shirt were they wearing?",,,,,,,,y,,,,,
psis_i4_s1_r2_e1,psis_s1_r2_e1,,yesno,"Were they wearing glasses?",,,,,,,,y,RH,,,,
psis_i5_s1_r2_e1,psis_s1_r2_e1,,text,"Describe the background (room) of the person you were talking to.",,,,,,,,y,RH,,,,
psis_i6_s1_r2_e1,psis_s1_r2_e1,,text,"Describe the emotional state of the other person (ex: happy, sad, angry, anxious, neutral, etc.)",,,,,,,,y,RH,,,,
psis_i7_s1_r2_e1,psis_s1_r2_e1,,text,"What animal did they say they want to be?",,,,,,,,y,RH,,,,
psis_i8_s1_r2_e1,psis_s1_r2_e1,,text,"What book or movie did they recommend?",,,,,,,,y,RH,,,,
psis_i9_s1_r2_e1,psis_s1_r2_e1,,text,"What is their dream job?",,,,,,,,y,RH,,,,
psis_i10_s1_r2_e1,psis_s1_r2_e1,,text,"Who did they say they would want to have as an imaginary friend?",,,,,,,,y,RH,,,,
psis_i11_s1_r2_e1,psis_s1_r2_e1,,radio,"Did they say they prefer to be the funniest or the smartest person in the room?","1, Funniest | 2, Smartest",,,,,,,y,RH,,,,
psis_i12_s1_r2_e1,psis_s1_r2_e1,,text,"What family member are they closest to?",,,,,,,,y,RH,,,,
psis_i13_s1_r2_e1,psis_s1_r2_e1,,text,"What is their favorite thing to do by themselves?",,,,,,,,y,RH,,,,
psis_i14_s1_r2_e1,psis_s1_r2_e1,,text,"What is their most treasured possession?",,,,,,,,y,RH,,,,
