"Variable / Field Name","Form Name","Section Header","Field Type","Field Label","Choices, Calculations, OR Slider Labels","Field Note","Text Validation Type OR Show Slider Number","Text Validation Min","Text Validation Max",Identifier?,"Branching Logic (Show field only if...)","Required Field?","Custom Alignment","Question Number (surveys only)","Matrix Group Name","Matrix Ranking?","Field Annotation"
psqi_usual_bed,psqi_1a,,text,"During the past month, when have you usually gone to bed at night?",,,,,,,,y,,,,,
psqi_fall_asleep_minutes,psqi_1a,,text,"During the past month, how long (in minutes) has it usually taken you to fall asleep each night?",,,integer,0,10000,,,y,,,,,
psqi_usual_awake,psqi_1a,,text,"During the past month, when have you usually gotten up in the morning?",,,,,,,,y,,,,,
psqi_hours_sleep,psqi_1a,,text,"During the past month, how many hours of actual sleep did you get at night? (This may be different than the number of hours you sleep in bed.)",,,integer,0,24,,,y,,,,,
psqi_5a,psqi_1a,"During the past month, how often have you had trouble sleeping because you...",radio,"cannot get to sleep within 30 minutes","0, Not during the past month | 1, Less than once a week | 2, Once or twice a week | 3, Three or more times a week",,,,,,,y,,,psqi_5,,
psqi_5b,psqi_1a,,radio,"wake up in the middle of the night or early morning","0, Not during the past month | 1, Less than once a week | 2, Once or twice a week | 3, Three or more times a week",,,,,,,y,,,psqi_5,,
psqi_5c,psqi_1a,,radio,"have to get up to use the bathroom","0, Not during the past month | 1, Less than once a week | 2, Once or twice a week | 3, Three or more times a week",,,,,,,y,,,psqi_5,,
psqi_5d,psqi_1a,,radio,"cannot breath comfortably","0, Not during the past month | 1, Less than once a week | 2, Once or twice a week | 3, Three or more times a week",,,,,,,y,,,psqi_5,,
psqi_5e,psqi_1a,,radio,"cough or snore loudly","0, Not during the past month | 1, Less than once a week | 2, Once or twice a week | 3, Three or more times a week",,,,,,,y,,,psqi_5,,
psqi_5f,psqi_1a,,radio,"feel too cold","0, Not during the past month | 1, Less than once a week | 2, Once or twice a week | 3, Three or more times a week",,,,,,,y,,,psqi_5,,
psqi_5g,psqi_1a,,radio,"feel too hot","0, Not during the past month | 1, Less than once a week | 2, Once or twice a week | 3, Three or more times a week",,,,,,,y,,,psqi_5,,
psqi_5h,psqi_1a,,radio,"had bad dreams","0, Not during the past month | 1, Less than once a week | 2, Once or twice a week | 3, Three or more times a week",,,,,,,y,,,psqi_5,,
psqi_5i,psqi_1a,,radio,"have pain","0, Not during the past month | 1, Less than once a week | 2, Once or twice a week | 3, Three or more times a week",,,,,,,y,,,psqi_5,,
psqi_5j,psqi_1a,,radio,"Other reason(s). please describe","0, Not during the past month | 1, Less than once a week | 2, Once or twice a week | 3, Three or more times a week",,,,,,,y,,,psqi_5,,
psqi_5j_other,psqi_1a,,notes,,,,,,,,"[psqi_5j] = '1' or [psqi_5j] = '2' or [psqi_5j] = '3'",,,,,,
psqi_6,psqi_1a,,radio,"During the past month, how would you rate your sleep quality overall?","0, Very good | 1, Fairly good | 2, Fairly bad | 3, Very bad",,,,,,,y,,,psqi_6,,
psqi_7,psqi_1a,,radio,"During the past month, how often have you taken medicine (prescribed or ""over the counter"") to help you sleep?","0, Not during the past month | 1, Less than once a week | 2, Once or twice a week | 3, Three or more times a week",,,,,,,y,,,psqi_78,,
psqi_8,psqi_1a,,radio,"During the past month, how often have you had trouble staying awake while driving, eating meals, or engaging in social activity?","0, Not during the past month | 1, Less than once a week | 2, Once or twice a week | 3, Three or more times a week",,,,,,,y,,,psqi_78,,
psqi_9,psqi_1a,,radio,"During the past month, how much of a problem has it been for you to keep up enough enthusiasm to get things done?","0, No problem at all | 1, Only a very slight problem | 2, Somewhat of a problem | 3, A very big problem",,,,,,,y,,,psqi_9,,
psqi_10,psqi_1a,,radio,"Do you have a roommate or bed partner? Choose what most accurately describes your situation.","0, No bed partner or roommate | 1, Partner/Roommate in other room | 2, Partner in same room, but not same bed | 3, Partner in same bed",,,,,,,y,,,psqi_10,,
psqi_10a,psqi_1a,"If you have a roommate or bed partner, ask him/her how often in the past month you have had...",radio,"loud snoring","0, Not during the past month | 1, Less than once per week | 2, Once or twice a week | 3, Three or more times a week",,,,,,"[psqi_10] = '1' or [psqi_10] = '2' or [psqi_10] = '3'",y,,,psqi_10q,,
psqi_10b,psqi_1a,,radio,"long pauses between breaths while asleep","0, Not during the past month | 1, Less than once per week | 2, Once or twice a week | 3, Three or more times a week",,,,,,"[psqi_10] = '1' or [psqi_10] = '2' or [psqi_10] = '3'",y,,,psqi_10q,,
psqi_10c,psqi_1a,,radio,"legs twitching or jerking while you sleep","0, Not during the past month | 1, Less than once per week | 2, Once or twice a week | 3, Three or more times a week",,,,,,"[psqi_10] = '1' or [psqi_10] = '2' or [psqi_10] = '3'",y,,,psqi_10q,,
psqi_10d,psqi_1a,,radio,"episodes of disorientation or confusion during sleep","0, Not during the past month | 1, Less than once per week | 2, Once or twice a week | 3, Three or more times a week",,,,,,"[psqi_10] = '1' or [psqi_10] = '2' or [psqi_10] = '3'",y,,,psqi_10q,,
psqi_10e,psqi_1a,,radio,"Other restlessness while you sleep; please describe","0, Not during the past month | 1, Less than once per week | 2, Once or twice a week | 3, Three or more times a week",,,,,,"[psqi_10] = '1' or [psqi_10] = '2' or [psqi_10] = '3'",y,,,psqi_10q,,
psqi_10_other,psqi_1a,,notes,,,,,,,,"[psqi_10e] = '1' and [psqi_10e] = '2' and [psqi_10e] = '3'",,,,,,
