"Variable / Field Name","Form Name","Section Header","Field Type","Field Label","Choices, Calculations, OR Slider Labels","Field Note","Text Validation Type OR Show Slider Number","Text Validation Min","Text Validation Max",Identifier?,"Branching Logic (Show field only if...)","Required Field?","Custom Alignment","Question Number (surveys only)","Matrix Group Name","Matrix Ranking?","Field Annotation"
dissatisfied_1,short_stress_state_questionnaire_sssqpre_1a,,radio,"1. Dissatisfied","1, 1 | 2, 2 | 3, 3 | 4, 4 | 5, 5",,,,,,,y,,,moods,,
alert_1,short_stress_state_questionnaire_sssqpre_1a,,radio,"2. Alert","1, 1 | 2, 2 | 3, 3 | 4, 4 | 5, 5",,,,,,,y,,,moods,,
depressed_1,short_stress_state_questionnaire_sssqpre_1a,,radio,"3. Depressed","1, 1 | 2, 2 | 3, 3 | 4, 4 | 5, 5",,,,,,,y,,,moods,,
sad_1,short_stress_state_questionnaire_sssqpre_1a,,radio,"4. Sad","1, 1 | 2, 2 | 3, 3 | 4, 4 | 5, 5",,,,,,,y,,,moods,,
active_1,short_stress_state_questionnaire_sssqpre_1a,,radio,"5. Active","1, 1 | 2, 2 | 3, 3 | 4, 4 | 5, 5",,,,,,,y,,,moods,,
impatient_1,short_stress_state_questionnaire_sssqpre_1a,,radio,"6. Impatient","1, 1 | 2, 2 | 3, 3 | 4, 4 | 5, 5",,,,,,,y,,,moods,,
annoyed_1,short_stress_state_questionnaire_sssqpre_1a,,radio,"7. Annoyed","1, 1 | 2, 2 | 3, 3 | 4, 4 | 5, 5",,,,,,,y,,,moods,,
angry_1,short_stress_state_questionnaire_sssqpre_1a,,radio,"8. Angry","1, 1 | 2, 2 | 3, 3 | 4, 4 | 5, 5",,,,,,,y,,,moods,,
irritated_1,short_stress_state_questionnaire_sssqpre_1a,,radio,"9. Irritated","1, 1 | 2, 2 | 3, 3 | 4, 4 | 5, 5",,,,,,,y,,,moods,,
grouchy_1,short_stress_state_questionnaire_sssqpre_1a,,radio,"10. Grouchy","1, 1 | 2, 2 | 3, 3 | 4, 4 | 5, 5",,,,,,,y,,,moods,,
goals_1,short_stress_state_questionnaire_sssqpre_1a,"Please indicate how true each statement is of your thoughts At The Moment.

________________________________________________________________________________________
Not at all = 1  A little bit = 2   Somewhat = 3   Very much = 4   Extremely = 5",radio,"11. I am committed to attaining my performance goals.","1, 1 | 2, 2 | 3, 3 | 4, 4 | 5, 5",,,,,,,y,,,feelings,,
succeed_1,short_stress_state_questionnaire_sssqpre_1a,,radio,"12. I want to succeed on the task.","1, 1 | 2, 2 | 3, 3 | 4, 4 | 5, 5",,,,,,,y,,,feelings,,
motivated_1,short_stress_state_questionnaire_sssqpre_1a,,radio,"13. I am motivated to do the task.","1, 1 | 2, 2 | 3, 3 | 4, 4 | 5, 5",,,,,,,y,,,feelings,,
figureself_1,short_stress_state_questionnaire_sssqpre_1a,,radio,"14. I am trying to figure myself out.","1, 1 | 2, 2 | 3, 3 | 4, 4 | 5, 5",,,,,,,y,,,feelings,,
reflecting_1,short_stress_state_questionnaire_sssqpre_1a,,radio,"15. I am reflecting about myself.","1, 1 | 2, 2 | 3, 3 | 4, 4 | 5, 5",,,,,,,y,,,feelings,,
daydreaming_1,short_stress_state_questionnaire_sssqpre_1a,,radio,"16. I am daydreaming about myself.","1, 1 | 2, 2 | 3, 3 | 4, 4 | 5, 5",,,,,,,y,,,feelings,,
confident_1,short_stress_state_questionnaire_sssqpre_1a,,radio,"17. I feel confident about my abilities.","1, 1 | 2, 2 | 3, 3 | 4, 4 | 5, 5",,,,,,,y,,,feelings,,
self_conscious_1,short_stress_state_questionnaire_sssqpre_1a,,radio,"18. I feel self-conscious.","1, 1 | 2, 2 | 3, 3 | 4, 4 | 5, 5",,,,,,,y,,,feelings,,
others_1,short_stress_state_questionnaire_sssqpre_1a,,radio,"19. I am worried about what other people think of me.","1, 1 | 2, 2 | 3, 3 | 4, 4 | 5, 5",,,,,,,y,,,feelings,,
impression_1,short_stress_state_questionnaire_sssqpre_1a,,radio,"20. I am concerned about the impression I was making.","1, 1 | 2, 2 | 3, 3 | 4, 4 | 5, 5",,,,,,,y,,,feelings,,
pro_1,short_stress_state_questionnaire_sssqpre_1a,,radio,"21. I will perform proficiently on the task.","1, 1 | 2, 2 | 3, 3 | 4, 4 | 5, 5",,,,,,,y,,,feelings,,
control_1,short_stress_state_questionnaire_sssqpre_1a,,radio,"22. Generally, I feel in control of things.","1, 1 | 2, 2 | 3, 3 | 4, 4 | 5, 5",,,,,,,y,,,feelings,,
task_others_1,short_stress_state_questionnaire_sssqpre_1a,,radio,"23. I thought about how others have done on the task.","1, 1 | 2, 2 | 3, 3 | 4, 4 | 5, 5",,,,,,,y,,,feelings,,
told_performance_1,short_stress_state_questionnaire_sssqpre_1a,,radio,"24. I thought about how I would feel if I were told how I would perform.","1, 1 | 2, 2 | 3, 3 | 4, 4 | 5, 5",,,,,,,y,,,feelings,,
