"Variable / Field Name","Form Name","Section Header","Field Type","Field Label","Choices, Calculations, OR Slider Labels","Field Note","Text Validation Type OR Show Slider Number","Text Validation Min","Text Validation Max",Identifier?,"Branching Logic (Show field only if...)","Required Field?","Custom Alignment","Question Number (surveys only)","Matrix Group Name","Matrix Ranking?","Field Annotation"
ius_pa_1,ius,,radio,"Unforeseen events upset me greatly.","1, Not at all characteristic of me | 2, A little characteristic of me | 3, Somewhat characteristic of me | 4, Very characteristic of me | 5, Entirely characteristic of me",,,,,,,y,,,ius,,
ius_pa_2,ius,,radio,"It frustrates me not having all the information I need.","1, Not at all characteristic of me | 2, A little characteristic of me | 3, Somewhat characteristic of me | 4, Very characteristic of me | 5, Entirely characteristic of me",,,,,,,y,,,ius,,
ius_ia_1,ius,,radio,"Uncertainty keeps me from living a full life.","1, Not at all characteristic of me | 2, A little characteristic of me | 3, Somewhat characteristic of me | 4, Very characteristic of me | 5, Entirely characteristic of me",,,,,,,y,,,ius,,
ius_pa_3,ius,,radio,"One should always look ahead so as to avoid surprises.","1, Not at all characteristic of me | 2, A little characteristic of me | 3, Somewhat characteristic of me | 4, Very characteristic of me | 5, Entirely characteristic of me",,,,,,,y,,,ius,,
ius_pa_4,ius,,radio,"A small unforeseen event can spoil everything, even with the best of planning.","1, Not at all characteristic of me | 2, A little characteristic of me | 3, Somewhat characteristic of me | 4, Very characteristic of me | 5, Entirely characteristic of me",,,,,,,y,,,ius,,
ius_ia_2,ius,,radio,"When it's time to act, uncertainty paralyses me.","1, Not at all characteristic of me | 2, A little characteristic of me | 3, Somewhat characteristic of me | 4, Very characteristic of me | 5, Entirely characteristic of me",,,,,,,y,,,ius,,
ius_ia_3,ius,,radio,"When I am uncertain I can't function very well.","1, Not at all characteristic of me | 2, A little characteristic of me | 3, Somewhat characteristic of me | 4, Very characteristic of me | 5, Entirely characteristic of me",,,,,,,y,,,ius,,
ius_pa_5,ius,,radio,"I always want to know what the future has in store for me.","1, Not at all characteristic of me | 2, A little characteristic of me | 3, Somewhat characteristic of me | 4, Very characteristic of me | 5, Entirely characteristic of me",,,,,,,y,,,ius,,
ius_pa_6,ius,,radio,"I can't stand being taken by surprise.","1, Not at all characteristic of me | 2, A little characteristic of me | 3, Somewhat characteristic of me | 4, Very characteristic of me | 5, Entirely characteristic of me",,,,,,,y,,,ius,,
ius_ia_4,ius,,radio,"The smallest doubt can stop me from acting.","1, Not at all characteristic of me | 2, A little characteristic of me | 3, Somewhat characteristic of me | 4, Very characteristic of me | 5, Entirely characteristic of me",,,,,,,y,,,ius,,
ius_pa_7,ius,,radio,"I should be able to organize everything in advance.","1, Not at all characteristic of me | 2, A little characteristic of me | 3, Somewhat characteristic of me | 4, Very characteristic of me | 5, Entirely characteristic of me",,,,,,,y,,,ius,,
ius_ia_5,ius,,radio,"I must get away from all uncertain situations.","1, Not at all characteristic of me | 2, A little characteristic of me | 3, Somewhat characteristic of me | 4, Very characteristic of me | 5, Entirely characteristic of me",,,,,,,y,,,ius,,
