"Variable / Field Name","Form Name","Section Header","Field Type","Field Label","Choices, Calculations, OR Slider Labels","Field Note","Text Validation Type OR Show Slider Number","Text Validation Min","Text Validation Max",Identifier?,"Branching Logic (Show field only if...)","Required Field?","Custom Alignment","Question Number (surveys only)","Matrix Group Name","Matrix Ranking?","Field Annotation"
pretask_sleep_1a,initial_state_questionnaire_1a,,text,"How many hours of sleep did you get last night? Please type a full interger.",,,integer,0,24,,,,,,,,
pretask_caffiene_amount_1a,initial_state_questionnaire_1a,,radio,"Compared to how much caffeine you typically consume up until this point in the day, how much caffeine have you had today?","0, No caffeine | 1,  | 2,  | 3,  | 4,  | 5, A typical amount | 6,  | 7,  | 8,  | 9,  | 10, An excessive amount",,,,,,,,,,pretask_caffeine_1a,,
pretask_health_1a,initial_state_questionnaire_1a,,radio,"How sick or unwell do you feel right now?","0, Not sick/unwell at all | 1,  | 2,  | 3,  | 4,  | 5, Somewhat sick/unwell | 6,  | 7,  | 8,  | 9,  | 10, Very sick/unwell",,,,,,,,,,pretask_health_1a,,
pretask_hunger_1a,initial_state_questionnaire_1a,,radio,"How hungry are you right now?","0, Not hungry at all | 1,  | 2,  | 3,  | 4,  | 5, Somewhat hungry | 6,  | 7,  | 8,  | 9,  | 10, Extremely hungry",,,,,,,,,,pretask_hunger_1a,,
pretask_exhaustion_1a,initial_state_questionnaire_1a,,radio,"How tired do you feel right now?","0, Not tired at all | 1,  | 2,  | 3,  | 4,  | 5, Somewhat tired | 6,  | 7,  | 8,  | 9,  | 10, Extremely tired",,,,,,,,,,pretask_exhaustion_1a,,
