"Variable / Field Name","Form Name","Section Header","Field Type","Field Label","Choices, Calculations, OR Slider Labels","Field Note","Text Validation Type OR Show Slider Number","Text Validation Min","Text Validation Max",Identifier?,"Branching Logic (Show field only if...)","Required Field?","Custom Alignment","Question Number (surveys only)","Matrix Group Name","Matrix Ranking?","Field Annotation"
task_performance_1a1,posttask_questionnaire_1a,,radio,"1. In terms of speed of responding, how well do you think you did on the task?","1, 1 Very Poorly | 2, 2 | 3, 3 | 4, 4 | 5, 5 Average | 6, 6 | 7, 7 | 8, 8 | 9, 9 | 10, 10 Very Well",,,,,,,y,,,how_well1a1,,
how_well_1a1,posttask_questionnaire_1a,,radio,"2. In terms of accuracy, how well do you think you did in the task?","1, 1 Very Poorly | 2, 2 | 3, 3 | 4, 4 | 5, 5 Average | 6, 6 | 7, 7 | 8, 8 | 9, 9 | 10, 10 Very Well",,,,,,,y,,,how_well1a1,,
resp_quick_1a1,posttask_questionnaire_1a,,radio,"3. How important was it to you to respond quickly?","1, 1 Not at all | 2, 2 | 3, 3 | 4, 4 | 5, 5 A moderate amount | 6, 6 | 7, 7 | 8, 8 | 9, 9 | 10, 10 A lot",,,,,,,y,,,how_1a1,,
resp_corr_1a1,posttask_questionnaire_1a,,radio,"4. How important to you was it to respond correctly?","1, 1 Not at all | 2, 2 | 3, 3 | 4, 4 | 5, 5 A moderate amount | 6, 6 | 7, 7 | 8, 8 | 9, 9 | 10, 10 A lot",,,,,,,y,,,how_1a1,,
resp_slow_1a1,posttask_questionnaire_1a,,radio,"5. When you made a slow response, how much did it bother you?","1, 1 Not at all | 2, 2 | 3, 3 | 4, 4 | 5, 5 A moderate amount | 6, 6 | 7, 7 | 8, 8 | 9, 9 | 10, 10 A lot",,,,,,,y,,,how_1a1,,
resp_incor_1a1,posttask_questionnaire_1a,,radio,"6. When you made an incorrect response, how much did it bother you","1, 1 Not at all | 2, 2 | 3, 3 | 4, 4 | 5, 5 A moderate amount | 6, 6 | 7, 7 | 8, 8 | 9, 9 | 10, 10 A lot",,,,,,,y,,,how_1a1,,
attent_fast_1a1,posttask_questionnaire_1a,,radio,"7. Throughout the task, how much attention did you pay to how fast you were responding?","1, 1 Not at all | 2, 2 | 3, 3 | 4, 4 | 5, 5 A moderate amount | 6, 6 | 7, 7 | 8, 8 | 9, 9 | 10, 10 A lot",,,,,,,y,,,how_1a1,,
attent_corr_1a1,posttask_questionnaire_1a,,radio,"8. Throughout the task, how much attention did you pay to whether you were responding correctly?","1, 1 Not at all | 2, 2 | 3, 3 | 4, 4 | 5, 5 A moderate amount | 6, 6 | 7, 7 | 8, 8 | 9, 9 | 10, 10 A lot",,,,,,,y,,,how_1a1,,
worry_incor_1a1,posttask_questionnaire_1a,,radio,"9. Throughout the task, how much did you worry about responding incorrectly?","1, 1 Not at all | 2, 2 | 3, 3 | 4, 4 | 5, 5 A moderate amount | 6, 6 | 7, 7 | 8, 8 | 9, 9 | 10, 10 A lot",,,,,,,y,,,how_1a1,,
worry_quick_1a1,posttask_questionnaire_1a,,radio,"10. Throughout the gas, how much did you worry about responding quickly?","1, 1 Not at all | 2, 2 | 3, 3 | 4, 4 | 5, 5 A moderate amount | 6, 6 | 7, 7 | 8, 8 | 9, 9 | 10, 10 A lot",,,,,,,y,,,how_1a1,,
