"Variable / Field Name","Form Name","Section Header","Field Type","Field Label","Choices, Calculations, OR Slider Labels","Field Note","Text Validation Type OR Show Slider Number","Text Validation Min","Text Validation Max",Identifier?,"Branching Logic (Show field only if...)","Required Field?","Custom Alignment","Question Number (surveys only)","Matrix Group Name","Matrix Ranking?","Field Annotation"
sssqpost_i1_s1_r1_e1,sssqpost_s1_r1_e1,"Please indicate how well each word describes how you felt during the task.

________________________________________________________________________________________
Not at all = 1  A little bit = 2   Somewhat = 3   Very much = 4   Extremely = 5",radio,Dissatisfied,"1, 1 | 2, 2 | 3, 3 | 4, 4 | 5, 5",,,,,,,y,,,sssq_post_moods_s1_r1_e1,,
sssqpost_i2_s1_r1_e1,sssqpost_s1_r1_e1,,radio,Alert,"1, 1 | 2, 2 | 3, 3 | 4, 4 | 5, 5",,,,,,,y,,,sssq_post_moods_s1_r1_e1,,
sssqpost_i3_s1_r1_e1,sssqpost_s1_r1_e1,,radio,Depressed,"1, 1 | 2, 2 | 3, 3 | 4, 4 | 5, 5",,,,,,,y,,,sssq_post_moods_s1_r1_e1,,
sssqpost_i4_s1_r1_e1,sssqpost_s1_r1_e1,,radio,Sad,"1, 1 | 2, 2 | 3, 3 | 4, 4 | 5, 5",,,,,,,y,,,sssq_post_moods_s1_r1_e1,,
sssqpost_i5_s1_r1_e1,sssqpost_s1_r1_e1,,radio,Active,"1, 1 | 2, 2 | 3, 3 | 4, 4 | 5, 5",,,,,,,y,,,sssq_post_moods_s1_r1_e1,,
sssqpost_i6_s1_r1_e1,sssqpost_s1_r1_e1,,radio,Impatient,"1, 1 | 2, 2 | 3, 3 | 4, 4 | 5, 5",,,,,,,y,,,sssq_post_moods_s1_r1_e1,,
sssqpost_i7_s1_r1_e1,sssqpost_s1_r1_e1,,radio,Annoyed,"1, 1 | 2, 2 | 3, 3 | 4, 4 | 5, 5",,,,,,,y,,,sssq_post_moods_s1_r1_e1,,
sssqpost_i8_s1_r1_e1,sssqpost_s1_r1_e1,,radio,Angry,"1, 1 | 2, 2 | 3, 3 | 4, 4 | 5, 5",,,,,,,y,,,sssq_post_moods_s1_r1_e1,,
sssqpost_i9_s1_r1_e1,sssqpost_s1_r1_e1,,radio,Irritated,"1, 1 | 2, 2 | 3, 3 | 4, 4 | 5, 5",,,,,,,y,,,sssq_post_moods_s1_r1_e1,,
sssqpost_i10_s1_r1_e1,sssqpost_s1_r1_e1,,radio,Grouchy,"1, 1 | 2, 2 | 3, 3 | 4, 4 | 5, 5",,,,,,,y,,,sssq_post_moods_s1_r1_e1,,
sssqpost_i11_s1_r1_e1,sssqpost_s1_r1_e1,"Please indicate how true each statement is of your thoughts while performing the task.

________________________________________________________________________________________
Not at all = 1  A little bit = 2   Somewhat = 3   Very much = 4   Extremely = 5",radio,"I was committed to attaining my performance goals.","1, 1 | 2, 2 | 3, 3 | 4, 4 | 5, 5",,,,,,,y,,,sssq_post_feelings_s1_r1_e1,,
sssqpost_i12_s1_r1_e1,sssqpost_s1_r1_e1,,radio,"I wanted to succeed on the task.","1, 1 | 2, 2 | 3, 3 | 4, 4 | 5, 5",,,,,,,y,,,sssq_post_feelings_s1_r1_e1,,
sssqpost_i13_s1_r1_e1,sssqpost_s1_r1_e1,,radio,"I was motivated to do the task.","1, 1 | 2, 2 | 3, 3 | 4, 4 | 5, 5",,,,,,,y,,,sssq_post_feelings_s1_r1_e1,,
sssqpost_i14_s1_r1_e1,sssqpost_s1_r1_e1,,radio,"I tried to figure myself out.","1, 1 | 2, 2 | 3, 3 | 4, 4 | 5, 5",,,,,,,y,,,sssq_post_feelings_s1_r1_e1,,
sssqpost_i15_s1_r1_e1,sssqpost_s1_r1_e1,,radio,"I reflected about myself.","1, 1 | 2, 2 | 3, 3 | 4, 4 | 5, 5",,,,,,,y,,,sssq_post_feelings_s1_r1_e1,,
sssqpost_i16_s1_r1_e1,sssqpost_s1_r1_e1,,radio,"I daydreamed about myself.","1, 1 | 2, 2 | 3, 3 | 4, 4 | 5, 5",,,,,,,y,,,sssq_post_feelings_s1_r1_e1,,
sssqpost_i17_s1_r1_e1,sssqpost_s1_r1_e1,,radio,"I felt confident about my abilities.","1, 1 | 2, 2 | 3, 3 | 4, 4 | 5, 5",,,,,,,y,,,sssq_post_feelings_s1_r1_e1,,
sssqpost_i18_s1_r1_e1,sssqpost_s1_r1_e1,,radio,"I felt self-conscious.","1, 1 | 2, 2 | 3, 3 | 4, 4 | 5, 5",,,,,,,y,,,sssq_post_feelings_s1_r1_e1,,
sssqpost_i19_s1_r1_e1,sssqpost_s1_r1_e1,,radio,"I was worried about what other people would think of me.","1, 1 | 2, 2 | 3, 3 | 4, 4 | 5, 5",,,,,,,y,,,sssq_post_feelings_s1_r1_e1,,
sssqpost_i20_s1_r1_e1,sssqpost_s1_r1_e1,,radio,"I was concerned about the impression I was making.","1, 1 | 2, 2 | 3, 3 | 4, 4 | 5, 5",,,,,,,y,,,sssq_post_feelings_s1_r1_e1,,
sssqpost_i21_s1_r1_e1,sssqpost_s1_r1_e1,,radio,"I performed proficiently on the task.","1, 1 | 2, 2 | 3, 3 | 4, 4 | 5, 5",,,,,,,y,,,sssq_post_feelings_s1_r1_e1,,
sssqpost_i22_s1_r1_e1,sssqpost_s1_r1_e1,,radio,"Generally, I felt in control of things.","1, 1 | 2, 2 | 3, 3 | 4, 4 | 5, 5",,,,,,,y,,,sssq_post_feelings_s1_r1_e1,,
sssqpost_i23_s1_r1_e1,sssqpost_s1_r1_e1,,radio,"I thought about how others have done on this task.","1, 1 | 2, 2 | 3, 3 | 4, 4 | 5, 5",,,,,,,y,,,sssq_post_feelings_s1_r1_e1,,
sssqpost_i24_s1_r1_e1,sssqpost_s1_r1_e1,,radio,"I thought about how I would feel if I were told how I performed.","1, 1 | 2, 2 | 3, 3 | 4, 4 | 5, 5",,,,,,,y,,,sssq_post_feelings_s1_r1_e1,,
